Datetime,Water Level (m)
2026-09-25 18:00:00,0.458485
2026-09-25 19:00:00,0.7367208
2026-09-25 20:00:00,0.9664826
2026-09-25 21:00:00,1.0670308
2026-09-25 22:00:00,0.97652054
2026-09-25 23:00:00,0.78155285
2026-09-26 00:00:00,0.581273
2026-09-26 01:00:00,0.38332796
2026-09-26 02:00:00,0.1947957
2026-09-26 03:00:00,0.040523335
2026-09-26 04:00:00,0.0040474273
2026-09-26 05:00:00,0.21271287
2026-09-26 06:00:00,0.48795396
2026-09-26 07:00:00,0.7865091
2026-09-26 08:00:00,1.0451835
2026-09-26 09:00:00,1.1692965
2026-09-26 10:00:00,1.0787572
2026-09-26 11:00:00,0.87269413
2026-09-26 12:00:00,0.6600996
2026-09-26 13:00:00,0.45076448
2026-09-26 14:00:00,0.24799687
2026-09-26 15:00:00,0.0708614
2026-09-26 16:00:00,-0.03819224
2026-09-26 17:00:00,0.09657243
2026-09-26 18:00:00,0.35635749
2026-09-26 19:00:00,0.64929533
2026-09-26 20:00:00,0.9363953
2026-09-26 21:00:00,1.1329803
2026-09-26 22:00:00,1.1266778
2026-09-26 23:00:00,0.9407281
2026-09-27 00:00:00,0.7276412
2026-09-27 01:00:00,0.5191806
2026-09-27 02:00:00,0.31304473
2026-09-27 03:00:00,0.12812798
2026-09-27 04:00:00,-0.017035766
2026-09-27 05:00:00,0.03958421
2026-09-27 06:00:00,0.29148912
2026-09-27 07:00:00,0.58008057
2026-09-27 08:00:00,0.8753165
2026-09-27 09:00:00,1.0969278
2026-09-27 10:00:00,1.1317884
2026-09-27 11:00:00,0.9645956
2026-09-27 12:00:00,0.75466335
2026-09-27 13:00:00,0.5485048
2026-09-27 14:00:00,0.34414533
2026-09-27 15:00:00,0.15510431
2026-09-27 16:00:00,-0.003633506
2026-09-27 17:00:00,-0.012431527
2026-09-27 18:00:00,0.22124903
2026-09-27 19:00:00,0.5085136
2026-09-27 20:00:00,0.81879246
2026-09-27 21:00:00,1.0861971
2026-09-27 22:00:00,1.2066985
2026-09-27 23:00:00,1.1007166
2026-09-28 00:00:00,0.89101404
2026-09-28 01:00:00,0.67883605
2026-09-28 02:00:00,0.4705831
2026-09-28 03:00:00,0.26997036
2026-09-28 04:00:00,0.09608351
2026-09-28 05:00:00,-0.0033889622
2026-09-28 06:00:00,0.15957005
2026-09-28 07:00:00,0.4327934
2026-09-28 08:00:00,0.72878504
2026-09-28 09:00:00,1.00298
2026-09-28 10:00:00,1.1544966
2026-09-28 11:00:00,1.0783256
2026-09-28 12:00:00,0.8795775
2026-09-28 13:00:00,0.6739062
2026-09-28 14:00:00,0.4714158
2026-09-28 15:00:00,0.2742338
2026-09-28 16:00:00,0.09875233
2026-09-28 17:00:00,-0.030138409
2026-09-28 18:00:00,0.06474537
2026-09-28 19:00:00,0.33490244
2026-09-28 20:00:00,0.6427957
2026-09-28 21:00:00,0.95416677
2026-09-28 22:00:00,1.1838077
2026-09-28 23:00:00,1.2151803
2026-09-29 00:00:00,1.0428864
2026-09-29 01:00:00,0.8313156
2026-09-29 02:00:00,0.624318
2026-09-29 03:00:00,0.42230532
2026-09-29 04:00:00,0.23446813
2026-09-29 05:00:00,0.08123372
2026-09-29 06:00:00,0.06612829
2026-09-29 07:00:00,0.29389235
2026-09-29 08:00:00,0.57263356
2026-09-29 09:00:00,0.85979784
2026-09-29 10:00:00,1.090047
2026-09-29 11:00:00,1.1443415
2026-09-29 12:00:00,0.9907628
2026-09-29 13:00:00,0.7893178
2026-09-29 14:00:00,0.59113824
2026-09-29 15:00:00,0.39552507
2026-09-29 16:00:00,0.2115691
2026-09-29 17:00:00,0.056095254
2026-09-29 18:00:00,0.0023967125
2026-09-29 19:00:00,0.20537426
2026-09-29 20:00:00,0.4916377
2026-09-29 21:00:00,0.8047561
2026-09-29 22:00:00,1.0933415
2026-09-29 23:00:00,1.2573063
2026-09-30 00:00:00,1.1855221
2026-09-30 01:00:00,0.99070674
2026-09-30 02:00:00,0.7838539
2026-09-30 03:00:00,0.5789075
2026-09-30 04:00:00,0.3892715
2026-09-30 05:00:00,0.21647142
2026-09-30 06:00:00,0.1007162
2026-09-30 07:00:00,0.19603838
2026-09-30 08:00:00,0.44298115
2026-09-30 09:00:00,0.71180534
2026-09-30 10:00:00,0.96958876
2026-09-30 11:00:00,1.1269354
2026-09-30 12:00:00,1.0754364
2026-09-30 13:00:00,0.8953585
2026-09-30 14:00:00,0.7040158
2026-09-30 15:00:00,0.51416117
2026-09-30 16:00:00,0.32968742
2026-09-30 17:00:00,0.16347326
2026-09-30 18:00:00,0.036706034
2026-09-30 19:00:00,0.08409228
2026-09-30 20:00:00,0.32946706
2026-09-30 21:00:00,0.6188838
2026-09-30 22:00:00,0.9198915
2026-09-30 23:00:00,1.1667888
2026-10-01 00:00:00,1.2509065
2026-10-01 01:00:00,1.1189444
2026-10-01 02:00:00,0.9211384
2026-10-01 03:00:00,0.7217271
2026-10-01 04:00:00,0.52837354
2026-10-01 05:00:00,0.35014856
2026-10-01 06:00:00,0.19986269
2026-10-01 07:00:00,0.140214
2026-10-01 08:00:00,0.29886913
2026-10-01 09:00:00,0.53811896
2026-10-01 10:00:00,0.7857896
2026-10-01 11:00:00,0.9981221
2026-10-01 12:00:00,1.0756528
2026-10-01 13:00:00,0.9638685
2026-10-01 14:00:00,0.7890262
2026-10-01 15:00:00,0.61052305
2026-10-01 16:00:00,0.4321354
2026-10-01 17:00:00,0.26502535
2026-10-01 18:00:00,0.12113863
