Datetime,Water Level (m)
2026-09-25 18:00:00,1.4089236
2026-09-25 19:00:00,1.1352925
2026-09-25 20:00:00,0.7079658
2026-09-25 21:00:00,0.3333652
2026-09-25 22:00:00,0.06659077
2026-09-25 23:00:00,-0.13225508
2026-09-26 00:00:00,-0.26257107
2026-09-26 01:00:00,-0.31463036
2026-09-26 02:00:00,0.024911925
2026-09-26 03:00:00,0.66978717
2026-09-26 04:00:00,1.1436999
2026-09-26 05:00:00,1.461979
2026-09-26 06:00:00,1.4859002
2026-09-26 07:00:00,1.2355078
2026-09-26 08:00:00,0.78912544
2026-09-26 09:00:00,0.37802935
2026-09-26 10:00:00,0.08409835
2026-09-26 11:00:00,-0.1412207
2026-09-26 12:00:00,-0.30772233
2026-09-26 13:00:00,-0.4120628
2026-09-26 14:00:00,-0.26521862
2026-09-26 15:00:00,0.42153907
2026-09-26 16:00:00,0.9207767
2026-09-26 17:00:00,1.3304708
2026-09-26 18:00:00,1.4870324
2026-09-26 19:00:00,1.3502095
2026-09-26 20:00:00,0.9786018
2026-09-26 21:00:00,0.5275819
2026-09-26 22:00:00,0.19629174
2026-09-26 23:00:00,-0.061139535
2026-09-27 00:00:00,-0.2500442
2026-09-27 01:00:00,-0.38554072
2026-09-27 02:00:00,-0.37851965
2026-09-27 03:00:00,0.25956723
2026-09-27 04:00:00,0.82442325
2026-09-27 05:00:00,1.270706
2026-09-27 06:00:00,1.4949428
2026-09-27 07:00:00,1.3909569
2026-09-27 08:00:00,1.0325973
2026-09-27 09:00:00,0.5664438
2026-09-27 10:00:00,0.21323647
2026-09-27 11:00:00,-0.05200089
2026-09-27 12:00:00,-0.2525988
2026-09-27 13:00:00,-0.4030913
2026-09-27 14:00:00,-0.4613917
2026-09-27 15:00:00,0.06262589
2026-09-27 16:00:00,0.6793572
2026-09-27 17:00:00,1.1642807
2026-09-27 18:00:00,1.4903224
2026-09-27 19:00:00,1.5006752
2026-09-27 20:00:00,1.2460343
2026-09-27 21:00:00,0.79308015
2026-09-27 22:00:00,0.38259652
2026-09-27 23:00:00,0.091865286
2026-09-28 00:00:00,-0.14083868
2026-09-28 01:00:00,-0.3129534
2026-09-28 02:00:00,-0.42413354
2026-09-28 03:00:00,-0.24095345
2026-09-28 04:00:00,0.49135622
2026-09-28 05:00:00,0.98748577
2026-09-28 06:00:00,1.3760915
2026-09-28 07:00:00,1.4605246
2026-09-28 08:00:00,1.2313058
2026-09-28 09:00:00,0.7746889
2026-09-28 10:00:00,0.35229224
2026-09-28 11:00:00,0.05733943
2026-09-28 12:00:00,-0.17562985
2026-09-28 13:00:00,-0.35488716
2026-09-28 14:00:00,-0.48919463
2026-09-28 15:00:00,-0.44049776
2026-09-28 16:00:00,0.28624925
2026-09-28 17:00:00,0.8389423
2026-09-28 18:00:00,1.3150163
2026-09-28 19:00:00,1.5369619
2026-09-28 20:00:00,1.4327852
2026-09-28 21:00:00,1.076498
2026-09-28 22:00:00,0.6042004
2026-09-28 23:00:00,0.2514959
2026-09-29 00:00:00,-0.00980794
2026-09-29 01:00:00,-0.2113089
2026-09-29 02:00:00,-0.35382906
2026-09-29 03:00:00,-0.40698573
2026-09-29 04:00:00,0.071085095
2026-09-29 05:00:00,0.67486334
2026-09-29 06:00:00,1.1209667
2026-09-29 07:00:00,1.393118
2026-09-29 08:00:00,1.3487804
2026-09-29 09:00:00,1.0099598
2026-09-29 10:00:00,0.54334724
2026-09-29 11:00:00,0.18481445
2026-09-29 12:00:00,-0.07882953
2026-09-29 13:00:00,-0.28195792
2026-09-29 14:00:00,-0.43522018
2026-09-29 15:00:00,-0.5139911
2026-09-29 16:00:00,-0.14316507
2026-09-29 17:00:00,0.5423686
2026-09-29 18:00:00,1.0387863
2026-09-29 19:00:00,1.4331912
2026-09-29 20:00:00,1.5230672
2026-09-29 21:00:00,1.3233696
2026-09-29 22:00:00,0.9087654
2026-09-29 23:00:00,0.4813401
2026-09-30 00:00:00,0.18532607
2026-09-30 01:00:00,-0.054636996
2026-09-30 02:00:00,-0.22680748
2026-09-30 03:00:00,-0.34534666
2026-09-30 04:00:00,-0.27644983
2026-09-30 05:00:00,0.35514447
2026-09-30 06:00:00,0.8294288
2026-09-30 07:00:00,1.1915318
2026-09-30 08:00:00,1.3213345
2026-09-30 09:00:00,1.1489866
2026-09-30 10:00:00,0.7409996
2026-09-30 11:00:00,0.34426844
2026-09-30 12:00:00,0.052936584
2026-09-30 13:00:00,-0.16978984
2026-09-30 14:00:00,-0.3408805
2026-09-30 15:00:00,-0.46445754
2026-09-30 16:00:00,-0.44329172
2026-09-30 17:00:00,0.16095127
2026-09-30 18:00:00,0.70771015
2026-09-30 19:00:00,1.1540881
2026-09-30 20:00:00,1.4219556
2026-09-30 21:00:00,1.4082866
2026-09-30 22:00:00,1.1463848
2026-09-30 23:00:00,0.73539907
2026-10-01 00:00:00,0.3853715
2026-10-01 01:00:00,0.13704893
2026-10-01 02:00:00,-0.06655641
2026-10-01 03:00:00,-0.20527382
2026-10-01 04:00:00,-0.26882634
2026-10-01 05:00:00,-0.044080097
2026-10-01 06:00:00,0.5047417
2026-10-01 07:00:00,0.89251864
2026-10-01 08:00:00,1.1413759
2026-10-01 09:00:00,1.1631621
2026-10-01 10:00:00,0.92647076
2026-10-01 11:00:00,0.5305346
2026-10-01 12:00:00,0.1934027
2026-10-01 13:00:00,-0.05809017
2026-10-01 14:00:00,-0.23861936
2026-10-01 15:00:00,-0.37669402
2026-10-01 16:00:00,-0.45086157
2026-10-01 17:00:00,-0.24839823
2026-10-01 18:00:00,0.37992647
